{
    "results": {
        "L2_error_T": {
            "numerical": 0.003954331698014029,
            "reference": 0.0,
            "abs_error": 0.003954331698014029,
            "rel_error": 7.80394021961527e-06,
            "status": "PASS"
        },
        "Linf_error_T": {
            "numerical": 0.007105032536458111,
            "reference": 0.0,
            "abs_error": 0.007105032536458111,
            "rel_error": 1.402190140012474e-05,
            "status": "PASS"
        },
        "T_max": {
            "numerical": 512.6681064245129,
            "reference": 512.6630107250322,
            "abs_error": 0.0050956994806483635,
            "rel_error": 9.939666748029637e-06,
            "status": "PASS"
        }
    },
    "tolerance": 0.003,
    "summary": "PASS"
}